               epoch,      train/box_loss,      train/obj_loss,      train/cls_loss,   metrics/precision,      metrics/recall,     metrics/mAP_0.5,metrics/mAP_0.5:0.95,        val/box_loss,        val/obj_loss,        val/cls_loss,               x/lr0,               x/lr1,               x/lr2
                   0,             0.10784,            0.026649,            0.043993,           0.0022705,             0.43973,           0.0065772,            0.001516,            0.091825,            0.021608,            0.038651,            0.070173,           0.0033141,           0.0033141
                   1,             0.08856,            0.032224,            0.036272,             0.79779,            0.049528,            0.039218,            0.011018,            0.083809,            0.021461,            0.032053,            0.040141,           0.0066145,           0.0066145
                   2,             0.08104,            0.032609,            0.032837,              0.7917,            0.061321,            0.033357,           0.0084836,            0.079532,            0.021513,             0.02965,            0.010075,           0.0098819,           0.0098819
                   3,            0.075752,            0.032629,            0.030269,              0.2951,            0.096698,            0.061778,            0.018546,            0.072665,            0.022053,            0.026638,           0.0098515,           0.0098515,           0.0098515
                   4,            0.071907,            0.032251,            0.027735,             0.35793,             0.16234,             0.12383,            0.039816,            0.068643,            0.021253,            0.023932,           0.0098515,           0.0098515,           0.0098515
                   5,            0.069069,            0.031207,            0.025384,             0.37376,             0.19505,             0.16957,            0.059912,            0.069073,            0.020901,            0.023786,            0.009802,            0.009802,            0.009802
                   6,            0.067565,            0.032443,            0.024006,             0.28633,             0.28991,             0.21937,            0.083816,            0.067694,            0.020945,            0.022399,           0.0097525,           0.0097525,           0.0097525
                   7,            0.066205,             0.03214,            0.023176,             0.28905,               0.296,             0.22551,            0.071642,            0.067546,            0.020862,            0.021816,            0.009703,            0.009703,            0.009703
                   8,            0.064766,            0.031516,            0.022624,             0.40606,             0.20809,             0.19862,            0.066186,            0.068078,            0.020679,            0.022414,           0.0096535,           0.0096535,           0.0096535
                   9,            0.064263,            0.031384,            0.019948,             0.44412,             0.26229,              0.2611,            0.094316,            0.066624,            0.020406,            0.022465,            0.009604,            0.009604,            0.009604
                  10,            0.062631,            0.030852,             0.01953,              0.3399,             0.28263,              0.2649,             0.10188,            0.064607,             0.02111,            0.022297,           0.0095545,           0.0095545,           0.0095545
                  11,            0.062097,            0.030816,             0.01908,             0.38815,             0.28155,              0.2834,             0.11109,            0.066658,            0.020902,            0.023565,            0.009505,            0.009505,            0.009505
                  12,            0.062124,            0.029028,            0.018639,             0.42389,             0.26774,             0.23814,             0.10802,            0.067191,            0.020834,            0.022081,           0.0094555,           0.0094555,           0.0094555
                  13,            0.061706,            0.030157,            0.018271,             0.28705,             0.29063,             0.22793,            0.079436,            0.065921,            0.020979,            0.023638,            0.009406,            0.009406,            0.009406
                  14,            0.060119,            0.030211,            0.016766,             0.39767,             0.32888,             0.28585,             0.10323,            0.065329,            0.020935,            0.020338,           0.0093565,           0.0093565,           0.0093565
                  15,             0.05925,            0.030134,            0.015004,             0.40975,             0.29994,             0.28733,            0.091047,            0.064827,            0.020694,             0.01981,            0.009307,            0.009307,            0.009307
                  16,            0.059273,            0.030951,            0.015217,             0.29708,             0.33401,             0.25464,            0.096474,            0.064629,            0.020815,            0.020488,           0.0092575,           0.0092575,           0.0092575
                  17,            0.057798,            0.028797,              0.0148,             0.37461,             0.33947,             0.27685,             0.10516,            0.066221,            0.020877,            0.021589,            0.009208,            0.009208,            0.009208
                  18,            0.058311,            0.028632,            0.015439,              0.4946,             0.28349,             0.30416,             0.12877,            0.064418,            0.020469,            0.020217,           0.0091585,           0.0091585,           0.0091585
                  19,            0.056622,            0.029886,            0.014679,             0.26212,             0.33814,             0.27146,             0.09402,            0.065541,            0.021034,            0.020993,            0.009109,            0.009109,            0.009109
                  20,            0.056191,            0.029142,            0.014199,             0.39752,             0.25144,             0.24798,            0.079687,            0.063602,            0.022037,            0.023693,           0.0090595,           0.0090595,           0.0090595
                  21,            0.055765,            0.028705,            0.014129,             0.39896,             0.23619,             0.22824,            0.082799,            0.065076,            0.021436,            0.022019,             0.00901,             0.00901,             0.00901
                  22,             0.05527,            0.028668,            0.013916,             0.36429,             0.29432,             0.23064,            0.086889,            0.065652,            0.021258,            0.022586,           0.0089605,           0.0089605,           0.0089605
                  23,            0.055274,             0.02813,            0.013634,             0.39953,             0.27403,             0.25395,             0.10858,            0.065204,            0.020674,            0.020482,            0.008911,            0.008911,            0.008911
                  24,             0.05454,            0.029321,            0.013086,             0.43708,             0.27229,              0.2677,             0.10304,            0.065016,            0.021116,            0.022208,           0.0088615,           0.0088615,           0.0088615
                  25,            0.054224,            0.028582,            0.012434,             0.30573,             0.26142,             0.22672,            0.087515,            0.065741,            0.021343,             0.02342,            0.008812,            0.008812,            0.008812
                  26,            0.053996,            0.028071,            0.012284,             0.35818,              0.2541,             0.23263,            0.091218,            0.065661,             0.02075,            0.023832,           0.0087625,           0.0087625,           0.0087625
                  27,            0.053495,            0.028186,            0.011643,             0.29873,             0.26549,             0.22729,             0.07724,            0.065609,            0.021003,            0.022778,            0.008713,            0.008713,            0.008713
                  28,            0.053678,            0.027554,            0.010989,             0.35427,             0.31323,             0.28447,             0.10932,            0.065039,             0.02141,            0.022166,           0.0086635,           0.0086635,           0.0086635
                  29,            0.052932,             0.02754,            0.010883,             0.51662,             0.27619,             0.29287,              0.1111,            0.064636,             0.02161,            0.023007,            0.008614,            0.008614,            0.008614
                  30,            0.052272,            0.027952,            0.011397,             0.37803,             0.37828,             0.29045,             0.11299,            0.065604,            0.021374,            0.022057,           0.0085645,           0.0085645,           0.0085645
                  31,            0.050317,            0.026787,            0.010612,             0.54096,             0.23804,             0.28934,            0.099218,            0.064853,            0.021036,            0.022259,            0.008515,            0.008515,            0.008515
                  32,            0.051185,              0.0275,            0.009738,             0.40985,             0.26949,             0.26667,             0.10214,            0.065575,            0.021489,            0.023171,           0.0084655,           0.0084655,           0.0084655
                  33,            0.050856,            0.026543,            0.009917,              0.4318,             0.31432,             0.30952,             0.11531,            0.063149,            0.021622,            0.021696,            0.008416,            0.008416,            0.008416
                  34,            0.050404,            0.027029,             0.01026,             0.47919,             0.31408,             0.33138,             0.10763,            0.064109,            0.022107,            0.022613,           0.0083665,           0.0083665,           0.0083665
                  35,            0.050263,            0.027502,           0.0090026,             0.47382,             0.23687,             0.26342,            0.093202,            0.063692,            0.021931,            0.022434,            0.008317,            0.008317,            0.008317
                  36,            0.049475,            0.027009,           0.0098712,             0.44247,             0.30973,             0.29633,             0.11164,            0.064626,              0.0215,            0.023335,           0.0082675,           0.0082675,           0.0082675
                  37,            0.049304,            0.026835,           0.0089317,             0.51937,             0.28133,             0.30596,             0.12122,            0.065589,            0.021496,            0.023959,            0.008218,            0.008218,            0.008218
                  38,            0.049559,            0.026176,           0.0097323,               0.507,              0.3131,             0.30541,             0.11855,             0.06456,            0.021415,            0.024362,           0.0081685,           0.0081685,           0.0081685
                  39,            0.049264,            0.025719,           0.0093684,             0.39855,             0.25135,              0.2554,             0.10579,            0.065016,            0.021793,            0.024165,            0.008119,            0.008119,            0.008119
                  40,            0.047315,            0.024858,           0.0091211,             0.49541,             0.27953,             0.29369,             0.10439,            0.065185,            0.020872,            0.022802,           0.0080695,           0.0080695,           0.0080695
                  41,            0.048042,            0.025731,           0.0082515,              0.4671,             0.26885,             0.24793,            0.092347,            0.064906,            0.021904,             0.02238,             0.00802,             0.00802,             0.00802
                  42,             0.04746,            0.025668,           0.0088407,             0.34756,             0.32419,             0.25038,            0.097058,            0.064049,            0.021551,             0.02353,           0.0079705,           0.0079705,           0.0079705
                  43,            0.046909,            0.024999,           0.0086888,             0.48737,             0.29681,             0.29887,             0.12744,            0.065147,            0.021571,            0.023834,            0.007921,            0.007921,            0.007921
                  44,            0.047076,            0.025561,           0.0081825,             0.46084,             0.32827,             0.33383,             0.12648,            0.064811,            0.021583,            0.026093,           0.0078715,           0.0078715,           0.0078715
                  45,            0.046327,            0.025335,           0.0088346,             0.50291,             0.32348,             0.31616,             0.12029,            0.064239,            0.021697,            0.023282,            0.007822,            0.007822,            0.007822
                  46,            0.046051,            0.025669,           0.0081346,             0.42053,             0.32295,             0.30616,             0.12438,            0.064387,            0.022324,            0.021828,           0.0077725,           0.0077725,           0.0077725
                  47,            0.046449,            0.025587,           0.0078049,             0.39217,             0.27651,             0.25954,             0.10606,            0.065848,            0.022211,            0.023937,            0.007723,            0.007723,            0.007723
                  48,            0.045798,            0.024954,           0.0076116,             0.45589,             0.34198,             0.31802,             0.12469,            0.064015,            0.022023,            0.021296,           0.0076735,           0.0076735,           0.0076735
                  49,            0.046187,            0.025195,           0.0087135,             0.45443,             0.30087,             0.26264,             0.09813,            0.064474,            0.021855,            0.020975,            0.007624,            0.007624,            0.007624
                  50,            0.045621,             0.02453,           0.0077475,              0.4251,             0.31683,             0.26066,            0.097769,            0.064348,            0.022188,            0.023289,           0.0075745,           0.0075745,           0.0075745
                  51,            0.043791,            0.024696,           0.0069962,             0.42058,             0.29282,             0.26242,              0.1049,            0.063887,             0.02247,            0.021767,            0.007525,            0.007525,            0.007525
                  52,            0.044817,            0.023714,           0.0074207,             0.43567,             0.30059,             0.28103,               0.119,            0.064979,            0.022633,            0.022461,           0.0074755,           0.0074755,           0.0074755
                  53,            0.044347,              0.0251,            0.007696,             0.56861,             0.27497,             0.31536,             0.11588,             0.06538,            0.022219,             0.02233,            0.007426,            0.007426,            0.007426
                  54,            0.044097,            0.023857,           0.0076172,             0.56874,             0.29954,             0.34072,             0.13498,            0.065153,            0.022087,            0.020944,           0.0073765,           0.0073765,           0.0073765
                  55,            0.044519,            0.024099,           0.0061997,              0.4595,             0.29421,             0.28558,             0.11131,            0.064883,            0.022396,            0.022719,            0.007327,            0.007327,            0.007327
                  56,             0.04347,            0.023494,           0.0065661,             0.44686,             0.29085,             0.28616,             0.11296,             0.06426,            0.022479,             0.02068,           0.0072775,           0.0072775,           0.0072775
                  57,            0.043455,            0.023454,           0.0074029,             0.54368,             0.28422,             0.29359,             0.12037,            0.064637,            0.022037,            0.022796,            0.007228,            0.007228,            0.007228
                  58,            0.043634,            0.023517,           0.0069508,             0.53292,             0.25672,             0.28199,             0.11045,            0.063707,            0.023196,            0.022524,           0.0071785,           0.0071785,           0.0071785
                  59,            0.043961,            0.024569,           0.0066873,              0.4164,             0.34135,             0.29629,             0.12275,             0.06443,            0.022393,            0.022718,            0.007129,            0.007129,            0.007129
                  60,            0.042558,            0.024004,           0.0065647,             0.31961,             0.32082,              0.2556,             0.10561,            0.066031,            0.022017,            0.024821,           0.0070795,           0.0070795,           0.0070795
                  61,            0.042771,            0.023315,           0.0066386,             0.50753,             0.30074,              0.3141,             0.12722,            0.063943,            0.022485,            0.023602,             0.00703,             0.00703,             0.00703
                  62,            0.041849,            0.023161,           0.0061423,             0.54501,             0.31114,             0.31434,             0.12029,             0.06547,            0.022376,            0.025045,           0.0069805,           0.0069805,           0.0069805
                  63,            0.043024,            0.022891,           0.0069011,              0.3767,             0.32734,             0.27785,             0.10378,            0.064214,            0.022464,            0.022979,            0.006931,            0.006931,            0.006931
                  64,            0.041391,            0.023599,            0.006272,             0.48986,              0.3214,             0.30173,             0.12442,            0.064836,             0.02242,              0.0232,           0.0068815,           0.0068815,           0.0068815
                  65,            0.041996,            0.022507,           0.0065392,              0.4355,             0.27683,              0.2756,            0.092992,            0.065844,            0.022842,            0.024081,            0.006832,            0.006832,            0.006832
                  66,            0.041364,            0.023412,           0.0059535,             0.57134,             0.27909,             0.30997,             0.11589,              0.0646,            0.023201,            0.023035,           0.0067825,           0.0067825,           0.0067825
                  67,            0.041969,            0.023211,           0.0062927,             0.40489,             0.37282,             0.31939,             0.13171,            0.064433,             0.02278,            0.021748,            0.006733,            0.006733,            0.006733
                  68,            0.040278,            0.023194,           0.0054496,             0.45814,               0.366,             0.31689,              0.1262,            0.064534,            0.022785,            0.022657,           0.0066835,           0.0066835,           0.0066835
                  69,            0.040081,             0.02206,           0.0052229,             0.41394,             0.33289,             0.27301,              0.1127,            0.064369,            0.022839,            0.023223,            0.006634,            0.006634,            0.006634
                  70,            0.041059,            0.022449,            0.006176,             0.40769,               0.295,              0.2685,             0.11487,            0.065272,            0.022778,            0.023663,           0.0065845,           0.0065845,           0.0065845
                  71,            0.039922,            0.022183,           0.0051985,             0.32461,             0.33573,             0.26469,             0.10743,            0.065454,            0.023014,             0.02303,            0.006535,            0.006535,            0.006535
                  72,            0.040955,             0.02194,           0.0052997,             0.43011,             0.27017,             0.26157,             0.10509,            0.065819,            0.023031,            0.024083,           0.0064855,           0.0064855,           0.0064855
                  73,            0.040154,             0.02202,           0.0053931,             0.42425,             0.27005,             0.24781,            0.098228,             0.06572,            0.023059,            0.023253,            0.006436,            0.006436,            0.006436
                  74,             0.03992,            0.022061,           0.0058205,             0.53846,             0.29571,             0.29289,             0.10797,            0.064304,            0.023298,            0.023105,           0.0063865,           0.0063865,           0.0063865
                  75,            0.039465,            0.022592,           0.0053419,             0.51975,             0.28941,             0.28087,             0.11792,            0.065198,            0.022846,            0.022335,            0.006337,            0.006337,            0.006337
                  76,            0.039682,             0.02172,           0.0057703,             0.52369,             0.32427,              0.2901,              0.1166,            0.066271,            0.022863,            0.023897,           0.0062875,           0.0062875,           0.0062875
                  77,            0.039017,            0.021146,           0.0049293,             0.46981,             0.34782,             0.30551,             0.12511,            0.065112,            0.023152,            0.024755,            0.006238,            0.006238,            0.006238
                  78,            0.039716,            0.022394,            0.006015,             0.39149,              0.3326,             0.26518,             0.10071,            0.066026,            0.023398,            0.023655,           0.0061885,           0.0061885,           0.0061885
                  79,            0.038434,            0.021574,           0.0053896,             0.41104,             0.28139,             0.26523,             0.11667,            0.065124,            0.023569,            0.022946,            0.006139,            0.006139,            0.006139
                  80,            0.038497,            0.021614,           0.0045493,             0.46119,              0.2711,             0.26531,              0.1109,            0.065542,             0.02422,            0.024943,           0.0060895,           0.0060895,           0.0060895
                  81,            0.038016,            0.020766,           0.0043266,             0.49213,             0.32872,             0.28434,             0.11781,             0.06499,            0.023252,            0.025307,             0.00604,             0.00604,             0.00604
                  82,            0.038224,            0.021818,           0.0048583,             0.42022,             0.37681,              0.2739,             0.11106,             0.06538,            0.023565,            0.025989,           0.0059905,           0.0059905,           0.0059905
                  83,            0.038147,            0.021427,           0.0047987,             0.42152,             0.36581,             0.29707,             0.11493,            0.065902,            0.022843,            0.024852,            0.005941,            0.005941,            0.005941
                  84,            0.037918,            0.021256,           0.0048027,             0.36848,             0.33421,              0.2845,             0.11771,            0.065379,            0.023048,            0.025564,           0.0058915,           0.0058915,           0.0058915
                  85,            0.037083,            0.020082,           0.0053614,               0.359,             0.40364,             0.26718,             0.10886,            0.065371,            0.023525,            0.024249,            0.005842,            0.005842,            0.005842
                  86,            0.037526,            0.020772,           0.0048383,             0.43451,             0.33945,             0.30709,             0.11231,            0.064665,            0.023472,            0.024979,           0.0057925,           0.0057925,           0.0057925
                  87,            0.036908,            0.020586,           0.0050358,             0.52333,             0.29305,             0.28631,             0.10906,            0.065181,            0.024747,            0.023811,            0.005743,            0.005743,            0.005743
                  88,            0.037017,            0.020277,           0.0043618,             0.53832,             0.29022,             0.28994,             0.10574,            0.066405,            0.024181,            0.024501,           0.0056935,           0.0056935,           0.0056935
                  89,            0.037536,            0.021577,           0.0045975,             0.47767,              0.3066,             0.28389,             0.10351,            0.065571,             0.02427,             0.02487,            0.005644,            0.005644,            0.005644
                  90,            0.036567,            0.020546,            0.004289,             0.53085,              0.2957,             0.28866,             0.11108,            0.066045,            0.024527,            0.024035,           0.0055945,           0.0055945,           0.0055945
                  91,            0.036473,            0.019888,           0.0041837,             0.52407,             0.32157,             0.30514,              0.1173,            0.065388,            0.023794,            0.025879,            0.005545,            0.005545,            0.005545
                  92,            0.035921,            0.020142,           0.0041617,             0.49214,             0.34585,              0.3185,             0.12666,             0.06561,            0.023869,            0.026151,           0.0054955,           0.0054955,           0.0054955
                  93,            0.035139,            0.018758,           0.0045096,             0.44238,             0.34974,             0.30253,             0.12107,             0.06542,            0.024947,            0.023532,            0.005446,            0.005446,            0.005446
                  94,            0.036108,            0.019779,           0.0041232,              0.5002,             0.35168,             0.32892,             0.13666,            0.065696,            0.024314,            0.023102,           0.0053965,           0.0053965,           0.0053965
                  95,            0.035758,            0.019316,           0.0039987,             0.56723,             0.29477,             0.29834,             0.12322,            0.065385,             0.02464,            0.024164,            0.005347,            0.005347,            0.005347
                  96,             0.03549,            0.020217,           0.0045904,             0.39029,             0.33045,             0.30272,             0.11802,            0.065397,             0.02447,            0.024212,           0.0052975,           0.0052975,           0.0052975
                  97,            0.036122,            0.020618,           0.0041861,             0.49252,             0.30068,             0.29845,             0.12917,            0.065807,            0.024119,            0.025466,            0.005248,            0.005248,            0.005248
                  98,            0.034842,            0.019104,           0.0040944,             0.44811,             0.34189,             0.29356,             0.11847,            0.065228,             0.02393,            0.025877,           0.0051985,           0.0051985,           0.0051985
                  99,            0.033764,            0.019467,           0.0037489,             0.34121,              0.3347,             0.25492,             0.10803,            0.065064,            0.024495,            0.025908,            0.005149,            0.005149,            0.005149
                 100,            0.034396,            0.019595,           0.0046574,             0.38123,             0.33718,             0.28365,             0.11901,            0.066266,            0.025051,            0.025587,           0.0050995,           0.0050995,           0.0050995
                 101,            0.034655,            0.019273,           0.0037783,             0.39042,             0.33233,             0.27408,             0.11757,            0.065174,            0.024308,            0.025138,             0.00505,             0.00505,             0.00505
                 102,             0.03476,            0.019349,            0.004013,             0.41018,             0.33397,             0.29402,             0.11914,            0.065797,            0.024558,            0.024153,           0.0050005,           0.0050005,           0.0050005
                 103,            0.034109,            0.019385,           0.0043281,             0.56308,             0.26988,             0.29941,              0.1208,            0.066478,            0.024475,            0.023188,            0.004951,            0.004951,            0.004951
                 104,            0.034148,              0.0186,           0.0041216,             0.50005,             0.30445,              0.2977,              0.1312,            0.065747,            0.025181,            0.024196,           0.0049015,           0.0049015,           0.0049015
                 105,            0.034577,            0.018863,           0.0040406,             0.50386,             0.32746,             0.32055,             0.13153,            0.066518,            0.024628,            0.025639,            0.004852,            0.004852,            0.004852
                 106,            0.033443,            0.018805,           0.0041494,             0.49488,             0.34628,             0.33266,             0.13454,            0.066695,            0.024345,            0.024953,           0.0048025,           0.0048025,           0.0048025
                 107,            0.033735,            0.019168,           0.0043388,             0.57168,             0.28055,             0.30823,             0.13099,             0.06632,             0.02462,            0.025358,            0.004753,            0.004753,            0.004753
                 108,            0.034641,            0.019327,            0.004077,              0.4898,             0.27171,              0.2843,             0.12133,            0.066711,            0.025315,            0.025969,           0.0047035,           0.0047035,           0.0047035
                 109,              0.0333,            0.018073,           0.0037749,             0.39098,             0.34862,             0.28063,             0.11192,            0.066613,            0.025505,            0.025641,            0.004654,            0.004654,            0.004654
                 110,            0.033678,              0.0187,           0.0040229,             0.36249,             0.32942,             0.24837,             0.10669,            0.066482,            0.026732,            0.025125,           0.0046045,           0.0046045,           0.0046045
                 111,            0.033416,            0.018491,           0.0035345,             0.39769,              0.3426,             0.26515,             0.11078,            0.066648,            0.025783,            0.024938,            0.004555,            0.004555,            0.004555
                 112,            0.033615,            0.018908,           0.0040356,             0.52397,             0.31731,             0.29694,             0.11846,            0.066817,            0.025393,            0.025132,           0.0045055,           0.0045055,           0.0045055
                 113,            0.033308,            0.018635,           0.0034698,             0.41989,             0.33735,             0.28859,             0.11754,            0.067441,            0.025156,            0.025823,            0.004456,            0.004456,            0.004456
                 114,            0.033037,            0.018863,           0.0035097,             0.46638,             0.33483,              0.2881,             0.12017,            0.067214,            0.025268,            0.024689,           0.0044065,           0.0044065,           0.0044065
                 115,            0.033033,            0.018954,           0.0039746,             0.51238,             0.32553,             0.30187,             0.13503,            0.067726,            0.025714,            0.024523,            0.004357,            0.004357,            0.004357
                 116,             0.03213,            0.017699,           0.0038933,             0.58157,             0.31421,              0.3033,             0.12678,            0.067417,            0.025368,            0.025865,           0.0043075,           0.0043075,           0.0043075
                 117,            0.032972,            0.019084,            0.003398,             0.58918,             0.31897,             0.30785,              0.1326,            0.067261,            0.025572,            0.025174,            0.004258,            0.004258,            0.004258
                 118,            0.032908,            0.018929,           0.0036295,             0.67379,             0.29924,             0.32896,             0.15102,            0.066635,            0.025324,            0.024755,           0.0042085,           0.0042085,           0.0042085
                 119,            0.032739,            0.018708,           0.0029863,             0.44718,             0.35909,             0.31156,             0.12513,            0.067506,            0.025333,            0.024763,            0.004159,            0.004159,            0.004159
                 120,            0.031618,             0.01812,           0.0032878,             0.42826,             0.30963,             0.27212,             0.11199,            0.067353,            0.025903,            0.024948,           0.0041095,           0.0041095,           0.0041095
                 121,            0.031386,             0.01817,           0.0035531,             0.46268,              0.2994,             0.25754,              0.1048,            0.067271,            0.026433,            0.025225,             0.00406,             0.00406,             0.00406
                 122,            0.031639,            0.018159,           0.0032552,             0.47102,             0.29642,             0.25893,             0.10825,            0.067031,            0.025685,             0.02581,           0.0040105,           0.0040105,           0.0040105
                 123,            0.031586,            0.018087,            0.002777,             0.37794,             0.34822,             0.26118,             0.11055,            0.067243,            0.025857,            0.026345,            0.003961,            0.003961,            0.003961
                 124,            0.031184,            0.017928,           0.0034797,             0.57341,             0.27834,             0.29078,             0.12544,            0.067138,            0.025736,            0.027383,           0.0039115,           0.0039115,           0.0039115
                 125,            0.031036,             0.01744,           0.0035791,             0.36374,             0.34123,             0.28168,             0.10591,            0.067247,            0.026477,            0.024984,            0.003862,            0.003862,            0.003862
                 126,            0.031348,            0.018074,            0.003683,             0.49917,             0.29994,             0.29904,             0.11675,            0.067294,            0.026149,            0.025633,           0.0038125,           0.0038125,           0.0038125
                 127,            0.031166,            0.018374,           0.0033228,              0.5946,             0.32446,             0.30715,             0.11259,            0.067701,            0.026536,            0.025444,            0.003763,            0.003763,            0.003763
                 128,            0.031107,            0.017338,           0.0038022,             0.48093,             0.33683,              0.2956,             0.12497,            0.067663,            0.026084,            0.027115,           0.0037135,           0.0037135,           0.0037135
                 129,            0.030968,            0.017901,           0.0031577,             0.53815,             0.31953,             0.29733,             0.12534,             0.06694,             0.02636,            0.026905,            0.003664,            0.003664,            0.003664
                 130,            0.030418,             0.01754,           0.0029392,             0.58948,             0.32401,             0.31284,             0.12972,            0.066776,             0.02634,             0.02633,           0.0036145,           0.0036145,           0.0036145
                 131,            0.030679,            0.018051,           0.0030834,             0.54796,             0.33128,             0.31092,             0.12004,            0.066983,            0.026394,            0.025141,            0.003565,            0.003565,            0.003565
                 132,            0.031039,            0.017633,           0.0039579,             0.54814,             0.31255,             0.30645,             0.12506,            0.066584,            0.025629,            0.024859,           0.0035155,           0.0035155,           0.0035155
                 133,            0.030797,            0.017494,           0.0030711,             0.49871,              0.3108,             0.30869,              0.1238,            0.066323,            0.026361,            0.024481,            0.003466,            0.003466,            0.003466
                 134,            0.030447,            0.017214,           0.0029076,             0.54163,              0.3297,             0.30033,             0.12147,            0.066648,            0.026131,             0.02663,           0.0034165,           0.0034165,           0.0034165
                 135,            0.030612,            0.017346,            0.002808,             0.52267,             0.32648,             0.30221,             0.11742,            0.066797,            0.026646,            0.027203,            0.003367,            0.003367,            0.003367
                 136,            0.030153,            0.017608,           0.0028852,             0.57499,             0.32798,             0.32126,             0.13463,            0.066996,            0.026526,            0.026505,           0.0033175,           0.0033175,           0.0033175
                 137,            0.029484,            0.017107,           0.0031454,             0.51942,             0.31025,             0.28991,             0.12253,            0.066564,            0.026978,            0.026654,            0.003268,            0.003268,            0.003268
                 138,             0.03023,            0.016946,           0.0027319,             0.58399,             0.29278,             0.28785,             0.11179,            0.066878,            0.026969,            0.025791,           0.0032185,           0.0032185,           0.0032185
                 139,            0.029908,            0.017074,           0.0033645,             0.43386,             0.32669,             0.28655,             0.12214,            0.066256,             0.02705,            0.024809,            0.003169,            0.003169,            0.003169
                 140,            0.029313,            0.017152,            0.003152,             0.47737,             0.34936,             0.31569,             0.12938,            0.066399,            0.026654,            0.025469,           0.0031195,           0.0031195,           0.0031195
                 141,            0.029101,            0.016803,           0.0025092,             0.51979,              0.3334,             0.30129,             0.12813,            0.066975,            0.027169,            0.026268,             0.00307,             0.00307,             0.00307
                 142,            0.029941,            0.017573,           0.0031924,             0.53294,             0.31563,             0.31558,             0.12401,            0.066607,            0.027409,            0.026567,           0.0030205,           0.0030205,           0.0030205
                 143,            0.028989,            0.017231,           0.0023586,             0.55541,             0.30779,             0.29835,             0.12562,            0.066641,            0.027451,            0.026345,            0.002971,            0.002971,            0.002971
                 144,             0.02993,            0.016644,           0.0033951,             0.59784,              0.3313,             0.32508,             0.13419,            0.066937,            0.026942,            0.025017,           0.0029215,           0.0029215,           0.0029215
                 145,            0.028942,            0.016533,           0.0028389,             0.57447,             0.32692,             0.31068,             0.12351,            0.066871,            0.027112,             0.02445,            0.002872,            0.002872,            0.002872
                 146,             0.02879,            0.017019,           0.0027408,             0.48057,             0.34457,             0.31478,             0.12905,            0.066345,             0.02723,            0.024108,           0.0028225,           0.0028225,           0.0028225
                 147,            0.029122,            0.016417,           0.0027368,             0.50503,             0.31216,             0.29041,               0.119,            0.066202,            0.028018,            0.025328,            0.002773,            0.002773,            0.002773
                 148,              0.0287,            0.017364,           0.0027211,             0.56239,             0.29804,             0.29401,              0.1183,            0.066725,            0.027878,            0.025383,           0.0027235,           0.0027235,           0.0027235
                 149,            0.027562,            0.016077,           0.0024103,             0.52788,             0.34724,             0.32064,             0.11988,             0.06651,            0.027066,            0.024834,            0.002674,            0.002674,            0.002674
                 150,            0.028429,            0.015954,           0.0027765,             0.50819,             0.30259,             0.28749,             0.11623,            0.067053,            0.027779,            0.024337,           0.0026245,           0.0026245,           0.0026245
                 151,            0.028541,            0.016898,           0.0029611,             0.57658,             0.26618,             0.29131,             0.12006,             0.06754,            0.028216,            0.024939,            0.002575,            0.002575,            0.002575
                 152,            0.028374,            0.016445,           0.0026214,             0.59839,             0.28205,             0.31402,             0.12925,            0.066921,            0.027841,            0.024219,           0.0025255,           0.0025255,           0.0025255
                 153,            0.028548,            0.016655,             0.00226,             0.62577,              0.2865,             0.31271,             0.12403,            0.066891,            0.028041,            0.024343,            0.002476,            0.002476,            0.002476
                 154,            0.027584,            0.016173,           0.0024443,             0.53032,             0.32323,             0.31318,             0.13147,            0.067336,            0.027735,            0.025306,           0.0024265,           0.0024265,           0.0024265
                 155,            0.028392,              0.0164,           0.0029052,             0.53819,             0.29106,             0.28145,             0.12497,            0.067571,            0.027656,            0.025207,            0.002377,            0.002377,            0.002377
                 156,            0.027824,            0.016756,           0.0023657,             0.58607,             0.31824,             0.32183,             0.14102,             0.06749,            0.027544,            0.026409,           0.0023275,           0.0023275,           0.0023275
                 157,            0.027236,            0.015474,           0.0024266,             0.61159,              0.3053,             0.31923,             0.12535,            0.067653,            0.027659,              0.0276,            0.002278,            0.002278,            0.002278
                 158,            0.027493,            0.015853,           0.0021978,             0.62692,             0.30758,             0.30448,             0.12568,            0.066859,            0.027613,            0.026389,           0.0022285,           0.0022285,           0.0022285
                 159,             0.02733,            0.016232,           0.0023585,             0.42746,             0.33147,             0.29846,             0.11854,            0.066903,            0.028195,            0.025541,            0.002179,            0.002179,            0.002179
                 160,            0.027319,            0.016092,           0.0026812,              0.5757,             0.29583,             0.31104,             0.12844,            0.067438,            0.027612,            0.025242,           0.0021295,           0.0021295,           0.0021295
                 161,            0.027238,            0.015649,           0.0026961,             0.53182,             0.33851,             0.31338,             0.12771,            0.067268,            0.027524,            0.025448,             0.00208,             0.00208,             0.00208
                 162,            0.027029,            0.015551,           0.0023759,              0.5231,             0.32476,             0.31163,             0.12959,             0.06694,            0.027814,            0.026269,           0.0020305,           0.0020305,           0.0020305
                 163,            0.027139,             0.01657,            0.002299,             0.48298,              0.3297,             0.30783,               0.118,            0.066798,            0.027856,            0.025395,            0.001981,            0.001981,            0.001981
                 164,             0.02694,            0.015499,           0.0024901,             0.47894,             0.33775,             0.31471,              0.1253,             0.06668,            0.028244,            0.024791,           0.0019315,           0.0019315,           0.0019315
                 165,             0.02681,            0.015721,           0.0024177,             0.58533,             0.32427,             0.32736,             0.13332,            0.066886,            0.028269,            0.023608,            0.001882,            0.001882,            0.001882
                 166,            0.026415,            0.015097,           0.0024668,             0.54578,              0.3257,             0.33368,             0.13062,            0.066742,            0.028396,            0.023993,           0.0018325,           0.0018325,           0.0018325
                 167,            0.026599,            0.015597,            0.002437,             0.54534,              0.3155,             0.31992,             0.13143,            0.066635,            0.028475,            0.024411,            0.001783,            0.001783,            0.001783
                 168,            0.026316,            0.015473,           0.0023102,             0.58832,             0.30507,             0.31861,              0.1236,            0.066691,            0.027988,            0.024225,           0.0017335,           0.0017335,           0.0017335
                 169,            0.026112,            0.015441,           0.0020995,             0.54388,             0.31874,             0.31203,             0.12395,            0.066646,            0.028555,            0.024263,            0.001684,            0.001684,            0.001684
                 170,             0.02651,            0.015636,           0.0026027,             0.47055,              0.3069,             0.29579,              0.1197,            0.066638,            0.028508,            0.024986,           0.0016345,           0.0016345,           0.0016345
                 171,            0.025987,            0.015609,           0.0021182,              0.5001,             0.35449,             0.32279,             0.12909,            0.066635,            0.028016,            0.024682,            0.001585,            0.001585,            0.001585
                 172,             0.02591,            0.015023,           0.0019839,             0.49545,             0.33858,             0.32169,             0.12733,             0.06684,            0.028602,            0.024406,           0.0015355,           0.0015355,           0.0015355
                 173,            0.026131,            0.015112,           0.0022957,             0.55961,             0.33094,             0.32383,             0.12635,            0.067055,             0.02865,            0.025136,            0.001486,            0.001486,            0.001486
                 174,            0.026339,             0.01524,           0.0024013,             0.55376,              0.3261,             0.31756,              0.1387,            0.067304,            0.028547,            0.026081,           0.0014365,           0.0014365,           0.0014365
                 175,            0.025375,             0.01509,           0.0023234,             0.50898,             0.32993,             0.30906,             0.13399,            0.067687,            0.028491,            0.025885,            0.001387,            0.001387,            0.001387
                 176,            0.025829,            0.014764,            0.002139,             0.49403,             0.33347,              0.3116,             0.13145,            0.067509,            0.028957,            0.025986,           0.0013375,           0.0013375,           0.0013375
                 177,            0.025864,            0.015148,           0.0021698,             0.59491,             0.28131,             0.30264,              0.1312,             0.06705,            0.028968,            0.026315,            0.001288,            0.001288,            0.001288
                 178,            0.025359,             0.01552,            0.001947,              0.5615,             0.29914,             0.31377,             0.12751,            0.067039,             0.02874,            0.026251,           0.0012385,           0.0012385,           0.0012385
                 179,            0.025258,            0.014878,            0.002242,             0.49653,             0.31447,             0.30999,             0.13095,             0.06687,            0.028685,             0.02596,            0.001189,            0.001189,            0.001189
                 180,            0.024526,            0.014972,           0.0015165,             0.55825,             0.28042,             0.30134,             0.12383,            0.067011,            0.028853,            0.025726,           0.0011395,           0.0011395,           0.0011395
                 181,            0.025602,            0.014521,           0.0025375,             0.58759,             0.28625,             0.30263,             0.12314,            0.067053,            0.028679,             0.02575,             0.00109,             0.00109,             0.00109
                 182,            0.024926,            0.015515,           0.0019652,             0.56481,             0.29589,             0.30557,             0.12542,            0.067195,            0.028592,            0.026023,           0.0010405,           0.0010405,           0.0010405
                 183,            0.025431,            0.014826,           0.0020628,             0.56569,             0.28804,              0.2986,             0.12227,            0.067091,            0.028953,            0.026048,            0.000991,            0.000991,            0.000991
                 184,            0.025265,            0.015092,           0.0019485,             0.53327,             0.28909,             0.29739,             0.12221,            0.066857,            0.029267,            0.025913,           0.0009415,           0.0009415,           0.0009415
                 185,            0.025428,            0.015458,           0.0018625,             0.57598,             0.28041,              0.2871,              0.1156,            0.066926,             0.02882,            0.026021,            0.000892,            0.000892,            0.000892
                 186,            0.024891,            0.014467,           0.0020257,             0.50944,             0.28508,             0.29158,             0.11588,            0.067138,            0.028859,            0.026039,           0.0008425,           0.0008425,           0.0008425
                 187,            0.025734,            0.015385,           0.0020369,             0.51784,             0.29442,             0.29671,             0.11851,            0.067291,            0.028604,            0.025534,            0.000793,            0.000793,            0.000793
                 188,            0.024029,            0.014113,           0.0019794,             0.59492,             0.28366,             0.29936,             0.12034,            0.067333,            0.028692,            0.025762,           0.0007435,           0.0007435,           0.0007435
                 189,            0.025065,            0.015098,           0.0022403,             0.61457,             0.28389,             0.30206,              0.1252,            0.067222,            0.028768,            0.025482,            0.000694,            0.000694,            0.000694
                 190,            0.024765,            0.014938,           0.0022274,             0.56806,             0.28108,             0.30386,             0.12656,            0.067267,            0.028533,            0.025688,           0.0006445,           0.0006445,           0.0006445
                 191,            0.024911,            0.014734,           0.0022497,             0.58742,             0.28811,             0.31311,             0.12752,             0.06739,            0.028574,            0.025974,            0.000595,            0.000595,            0.000595
                 192,             0.02366,            0.014109,           0.0017637,              0.6409,             0.26992,              0.3128,             0.13075,            0.067295,            0.028654,            0.025974,           0.0005455,           0.0005455,           0.0005455
                 193,             0.02441,            0.014502,           0.0021842,             0.61921,             0.27881,             0.31427,              0.1298,            0.067303,            0.028872,            0.025671,            0.000496,            0.000496,            0.000496
                 194,            0.024266,            0.014851,           0.0018012,             0.45179,             0.34334,             0.31814,             0.13243,            0.067557,            0.028849,             0.02585,           0.0004465,           0.0004465,           0.0004465
                 195,            0.024523,             0.01447,           0.0020694,             0.44161,              0.3575,             0.31927,             0.13251,            0.067672,            0.028932,            0.026213,            0.000397,            0.000397,            0.000397
                 196,            0.024412,            0.014466,           0.0019057,             0.45809,             0.34664,             0.31968,             0.13241,            0.067836,            0.028691,            0.026174,           0.0003475,           0.0003475,           0.0003475
                 197,            0.023679,            0.013755,           0.0017213,             0.56097,             0.29164,             0.31317,             0.13042,            0.067758,            0.028966,             0.02597,            0.000298,            0.000298,            0.000298
                 198,             0.02428,            0.014748,           0.0019776,             0.56445,             0.28839,             0.31344,             0.13206,            0.067642,            0.028996,            0.026173,           0.0002485,           0.0002485,           0.0002485
                 199,            0.023752,            0.014803,           0.0016983,             0.58814,             0.29332,             0.31455,             0.12923,            0.067739,            0.028996,            0.026252,            0.000199,            0.000199,            0.000199
